/*
SQLyog Ultimate v9.02 
MySQL - 5.0.51b-community-nt-log : Database - asesores
*********************************************************************
*/

/*!40101 SET NAMES utf8 */;

/*!40101 SET SQL_MODE=''*/;

/*!40014 SET @OLD_UNIQUE_CHECKS=@@UNIQUE_CHECKS, UNIQUE_CHECKS=0 */;
/*!40014 SET @OLD_FOREIGN_KEY_CHECKS=@@FOREIGN_KEY_CHECKS, FOREIGN_KEY_CHECKS=0 */;
/*!40101 SET @OLD_SQL_MODE=@@SQL_MODE, SQL_MODE='NO_AUTO_VALUE_ON_ZERO' */;
/*!40111 SET @OLD_SQL_NOTES=@@SQL_NOTES, SQL_NOTES=0 */;
CREATE DATABASE /*!32312 IF NOT EXISTS*/`asesores` /*!40100 DEFAULT CHARACTER SET latin1 */;

USE `asesores`;

/*Table structure for table `abonos_cooperativas` */

DROP TABLE IF EXISTS `abonos_cooperativas`;

CREATE TABLE `abonos_cooperativas` (
  `id_abono` int(11) NOT NULL auto_increment,
  `id_cooperativa` int(11) NOT NULL,
  `id_capacitacion` int(11) NOT NULL,
  `abono` decimal(12,2) NOT NULL,
  `f_creacion` datetime NOT NULL,
  `id_usuario` int(11) NOT NULL,
  `activo` int(11) NOT NULL default '1',
  PRIMARY KEY  (`id_abono`),
  KEY `id_cooperativa` (`id_cooperativa`),
  KEY `id_capacitacion` (`id_capacitacion`)
) ENGINE=InnoDB DEFAULT CHARSET=latin1;

/*Data for the table `abonos_cooperativas` */

/*Table structure for table `conf_cooperativa` */

DROP TABLE IF EXISTS `conf_cooperativa`;

CREATE TABLE `conf_cooperativa` (
  `id_cooperativa` int(10) NOT NULL auto_increment,
  `cooperativa` varchar(100) default NULL,
  `ubicacion` varchar(100) default NULL,
  `telefono` varchar(45) default NULL,
  `fax` varchar(45) default NULL,
  `email` varchar(45) default NULL,
  `credito_fiscal` varchar(45) default NULL,
  `logotipo` varchar(100) default NULL,
  `activo` int(11) default '1',
  `id_usuario` int(11) default NULL,
  `f_creacion` datetime default NULL,
  `gerente` longtext,
  PRIMARY KEY  (`id_cooperativa`)
) ENGINE=InnoDB AUTO_INCREMENT=20 DEFAULT CHARSET=latin1;

/*Data for the table `conf_cooperativa` */

insert  into `conf_cooperativa`(`id_cooperativa`,`cooperativa`,`ubicacion`,`telefono`,`fax`,`email`,`credito_fiscal`,`logotipo`,`activo`,`id_usuario`,`f_creacion`,`gerente`) values (1,'Ninguna','Ninguna','77304729','','jarh@jarh.com','123456',NULL,1,NULL,NULL,'-'),(6,'ACODJAR DE R.L.','Central','2333 7400','2333 7406','gerencia.acodjar@fedecaces.com','236548','logos/logo_acodjar.png',1,NULL,NULL,NULL),(9,'ACACCIBA','Central','2618 2427','2333 7406','gerencia.acacciba@fedecaces.com','236549','logos/logo_acacciba.png',1,NULL,NULL,NULL),(10,'ACACEMIHA DE R.L.','Central','2272 6527','2333 7406','acacemiha@fedecaces.com','236550','logos/logo_acacemiha.png',1,NULL,NULL,NULL),(19,'ACACES DE R.L.','daf','2288 2103','2333 7406','info@acaces.com.sv','236551','logos/logo-cooperativo02.jpg',1,NULL,NULL,NULL);

/*Table structure for table `conf_menu` */

DROP TABLE IF EXISTS `conf_menu`;

CREATE TABLE `conf_menu` (
  `id_menu` int(11) NOT NULL auto_increment,
  `nombre_menu` varchar(200) default NULL,
  `id_padre` int(11) default '0',
  `url` varchar(150) default '#',
  `activo` int(11) default '1',
  `orden` int(11) default '1',
  `target` varchar(10) default NULL,
  PRIMARY KEY  (`id_menu`)
) ENGINE=InnoDB AUTO_INCREMENT=63 DEFAULT CHARSET=latin1;

/*Data for the table `conf_menu` */

insert  into `conf_menu`(`id_menu`,`nombre_menu`,`id_padre`,`url`,`activo`,`orden`,`target`) values (1,'Servicios',0,'',1,0,NULL),(2,'Capacitaciones',1,'',1,0,NULL),(3,'Curricula',2,'curriculas',1,0,NULL),(4,'Perfiles',2,'perfiles',0,0,NULL),(5,'Plan de Capacitaciones',2,'pl_planes',1,0,NULL),(6,'Asesorias',1,'',1,0,NULL),(7,'Asesoria 1',6,'',1,0,NULL),(8,'Consultoria',1,'',1,0,NULL),(9,'Consultoria 1',8,'',1,0,NULL),(10,'Reportes',0,'',1,0,NULL),(11,'Ingresos por cooperativa',10,'re_planes',1,0,NULL),(12,'Pagos',10,'',1,0,NULL),(13,'Configuracion',0,'',1,0,NULL),(14,'Usuarios',13,'',1,0,NULL),(15,'Internos',14,'usuarios_internos',1,0,NULL),(16,'Externos',14,'usuarios_externos',1,0,NULL),(17,'Cooperativas',28,'cooperativas',1,0,NULL),(18,'Gestion Sistema',13,'',0,0,NULL),(19,'Roles',14,'roles',1,0,NULL),(20,'Menu',53,'conf_menu',1,0,NULL),(21,'Sucursales',28,'sucursales',1,0,NULL),(26,'roles',14,'roles',0,0,NULL),(27,'Permisos',14,'subroles',1,0,NULL),(28,'Clientes',13,'',1,0,NULL),(29,'Respaldo',53,'conf_sistema',1,0,NULL),(30,'Mantenimientos',0,'#',0,0,NULL),(31,'Modalidades',38,'mante_modalidades',1,1,NULL),(32,'Estados de Planes',38,'mante_estados_plan',0,10,NULL),(33,'Facilitadores',38,'mante_facilitadores',1,6,NULL),(34,'Lugares',38,'mante_lugares',1,2,NULL),(35,'Costos',37,'mante_costos',0,0,NULL),(36,'Sub Costos',37,'mante_subcostos',0,0,NULL),(37,'Gestion de Costos',30,'#',0,0,NULL),(38,'Mantenimientos',13,'',1,1,NULL),(39,'Mantenimientos',13,'',0,1,NULL),(40,'Servicios a Clientes',0,'',1,1,NULL),(41,'Inscripción en Linea',40,'inscripcion_temas',1,1,NULL),(42,'Mantenimiento de tipos facilitadores',38,'mante_tipos_facilitadores',0,0,NULL),(43,'Cargos',38,'mante_cargos',1,7,NULL),(44,'Rubros',38,'mante_rubros',1,8,NULL),(45,'Ver temas disponibles',40,'temas_disponibles',1,1,'_blank'),(46,'Inscripcion',2,'inscripcion',1,1,NULL),(47,'Abonos por cooperativa',2,'abonos_cooperativas',1,1,NULL),(48,'Profesiones',38,'mante_profesiones',1,4,NULL),(49,'Especialidades ',38,'mante_especialidades',1,5,NULL),(50,'Evaluar Modulo',2,'evaluar_modulo',1,1,NULL),(51,'Tipos de Evaluacion',38,'mante_tipos_evaluacion',1,3,NULL),(52,'Resultados de evaluacion',38,'mante_resultados',1,9,NULL),(53,'Programador',0,'',1,1,NULL),(54,'Facilitador',0,'',1,1,NULL),(55,'Listado',54,'f_listado',1,1,NULL),(56,'Subir Notas',54,'evaluar_modulo',1,1,NULL),(57,'Registro de Personal',40,'mante_personal',1,1,NULL),(58,'Cobros',0,'',1,1,NULL),(59,'Nota de Cargo',58,'',1,1,NULL),(60,'Estado de cuenta',58,'',1,1,NULL),(61,'Opinión de Participantes',2,'mod_opinion',1,1,NULL),(62,'Calificar Modulo',2,'cal_modulo',1,1,NULL);

/*Table structure for table `conf_sucursal` */

DROP TABLE IF EXISTS `conf_sucursal`;

CREATE TABLE `conf_sucursal` (
  `id_sucursal` int(10) NOT NULL auto_increment,
  `id_cooperativa` int(10) NOT NULL,
  `sucursal` varchar(100) default NULL,
  `gerente` longtext,
  `telefono` varchar(15) default NULL,
  `fax` varchar(15) default NULL,
  `id_usuario` int(11) default NULL,
  `f_creacion` datetime default NULL,
  `activo` int(11) default '1',
  PRIMARY KEY  (`id_sucursal`),
  KEY `fk_conf_sucursal_conf_cooperativa1` (`id_cooperativa`),
  CONSTRAINT `FK_conf_sucursal` FOREIGN KEY (`id_cooperativa`) REFERENCES `conf_cooperativa` (`id_cooperativa`)
) ENGINE=InnoDB AUTO_INCREMENT=13 DEFAULT CHARSET=latin1;

/*Data for the table `conf_sucursal` */

insert  into `conf_sucursal`(`id_sucursal`,`id_cooperativa`,`sucursal`,`gerente`,`telefono`,`fax`,`id_usuario`,`f_creacion`,`activo`) values (6,6,'San Vicente',NULL,'25614589','23654913',1,'2013-06-05 21:59:23',1),(7,9,'San Salvador',NULL,'23654269','23659613',1,'2013-06-05 21:59:23',1),(8,9,'Santa Ana',NULL,'23698541','23651963',1,'2013-06-05 21:59:23',1),(9,6,'La Libertad','Gerente 1','23695698','26395613',1,'2013-06-05 21:59:23',1),(10,6,'La Union',NULL,'25647895','23691282',1,'2013-06-05 21:59:23',1),(11,6,'La Paz',NULL,'25478956','25612569',1,'2013-06-05 21:59:23',1),(12,6,'Sucursal 1','ddddddddd','456','456456',8,'2014-02-16 19:15:04',1);

/*Table structure for table `cu_curricula` */

DROP TABLE IF EXISTS `cu_curricula`;

CREATE TABLE `cu_curricula` (
  `id_curricula` int(11) NOT NULL auto_increment,
  `curricula` varchar(100) default NULL,
  `objetivo` varchar(200) default NULL,
  `id_usuario` int(11) default NULL,
  `estado` tinyint(1) default NULL,
  `f_creacion` datetime default NULL,
  `activo` int(11) default '1',
  PRIMARY KEY  (`id_curricula`)
) ENGINE=InnoDB AUTO_INCREMENT=12 DEFAULT CHARSET=latin1;

/*Data for the table `cu_curricula` */

insert  into `cu_curricula`(`id_curricula`,`curricula`,`objetivo`,`id_usuario`,`estado`,`f_creacion`,`activo`) values (2,'Curricula General','Objetivo Curricula General',1,1,'2013-06-05 21:20:36',1),(11,'Sistema de Formación Curricular del SCFF','',1,1,'2013-07-25 16:16:25',1);

/*Table structure for table `cu_perfil` */

DROP TABLE IF EXISTS `cu_perfil`;

CREATE TABLE `cu_perfil` (
  `id_perfil` int(11) NOT NULL auto_increment,
  `id_curricula` int(11) default NULL,
  `perfil` varchar(100) default NULL,
  `id_cargo` int(11) NOT NULL,
  `aspectos_generales` text,
  `objetivos` text,
  `duracion` double(6,2) default NULL,
  `fecha` date default NULL,
  `id_usuario` int(11) default NULL,
  `f_creacion` datetime default NULL,
  `activo` int(11) default '1',
  PRIMARY KEY  (`id_perfil`),
  KEY `fk_cu_perfil_cu_curricula1` (`id_curricula`),
  CONSTRAINT `FK_cu_perfil` FOREIGN KEY (`id_curricula`) REFERENCES `cu_curricula` (`id_curricula`)
) ENGINE=InnoDB AUTO_INCREMENT=21 DEFAULT CHARSET=latin1;

/*Data for the table `cu_perfil` */

insert  into `cu_perfil`(`id_perfil`,`id_curricula`,`perfil`,`id_cargo`,`aspectos_generales`,`objetivos`,`duracion`,`fecha`,`id_usuario`,`f_creacion`,`activo`) values (1,2,'Cajero',1,NULL,NULL,NULL,'2013-01-29',1,'2013-06-05 21:33:28',1),(8,11,'DIRECTIVOS',2,NULL,NULL,NULL,'2013-07-25',1,'2013-07-25 16:24:50',1),(9,11,'GERENTES GENERALES',3,NULL,NULL,NULL,'2013-07-25',1,'2013-07-25 16:27:31',1),(10,11,'GERENTE DE RECURSOS HUMANOS',3,NULL,NULL,NULL,'2013-07-25',1,'2013-07-25 16:28:51',1),(11,11,'CONTADORES GENERALES',2,NULL,NULL,NULL,'2013-07-25',1,'2013-07-25 16:30:05',1),(12,11,'CAJEROS (AS)',1,NULL,NULL,NULL,'2013-07-25',1,'2013-07-25 16:30:59',1),(13,11,'ANALISTA DE CRÉDITOS',5,NULL,NULL,NULL,'2013-07-25',1,'2013-07-25 16:32:32',1),(14,11,'GESTOR DE COBROS',4,NULL,NULL,NULL,'2013-07-25',1,'2013-07-25 16:33:59',1),(15,11,'REFERENTE REMESAS Y RED ACTIVA',2,NULL,NULL,NULL,'2013-07-25',1,'2013-07-25 16:35:24',1),(16,11,'EJECUTIVO DE MERCADEO',4,NULL,NULL,NULL,'2013-07-25',1,'2013-07-25 16:50:32',1),(17,11,'REFERENTE TÉCNICO DE INFORMATICA',3,NULL,NULL,NULL,'2013-07-25',1,'2013-07-25 16:51:21',1),(18,11,'ASISTENTES - SECRETARIAS',4,NULL,NULL,NULL,'2013-07-25',1,'2013-07-25 16:52:27',1),(19,11,'AUXILIAR CONTABLE',5,NULL,NULL,NULL,'2013-07-25',1,'2013-07-25 16:53:30',1),(20,2,NULL,3,NULL,NULL,NULL,'2013-12-15',1,'2013-12-15 23:43:03',1);

/*Table structure for table `cu_perfil_contenido_aspectos` */

DROP TABLE IF EXISTS `cu_perfil_contenido_aspectos`;

CREATE TABLE `cu_perfil_contenido_aspectos` (
  `id` int(11) NOT NULL auto_increment,
  `nombre` longtext,
  `id_perfil` int(11) default NULL,
  PRIMARY KEY  (`id`),
  KEY `FK_cu_perfil_contenido_aspectos` (`id_perfil`),
  CONSTRAINT `FK_cu_perfil_contenido_aspectos` FOREIGN KEY (`id_perfil`) REFERENCES `cu_perfil` (`id_perfil`)
) ENGINE=InnoDB AUTO_INCREMENT=8 DEFAULT CHARSET=latin1;

/*Data for the table `cu_perfil_contenido_aspectos` */

insert  into `cu_perfil_contenido_aspectos`(`id`,`nombre`,`id_perfil`) values (7,'Área de Formación: Filosofía Institucional y Servicios que presta la cooperativa',1);

/*Table structure for table `cu_perfil_contenido_b_material_apoyo` */

DROP TABLE IF EXISTS `cu_perfil_contenido_b_material_apoyo`;

CREATE TABLE `cu_perfil_contenido_b_material_apoyo` (
  `id` int(11) NOT NULL auto_increment,
  `nombre` longtext,
  `id_perfil` int(11) default NULL,
  `archivos` longtext,
  PRIMARY KEY  (`id`),
  KEY `FK_cu_perfil_contenido_b_material_apoyo` (`id_perfil`),
  CONSTRAINT `FK_cu_perfil_contenido_b_material_apoyo` FOREIGN KEY (`id_perfil`) REFERENCES `cu_perfil` (`id_perfil`)
) ENGINE=InnoDB AUTO_INCREMENT=4 DEFAULT CHARSET=latin1;

/*Data for the table `cu_perfil_contenido_b_material_apoyo` */

insert  into `cu_perfil_contenido_b_material_apoyo`(`id`,`nombre`,`id_perfil`,`archivos`) values (1,'Valores y principios cooperativos',1,'[\"\"]'),(2,'Reglamento de la ley general de asociaciones cooperativas',1,NULL),(3,'Ley de intermediarios financieros no bancarios',1,NULL);

/*Table structure for table `cu_perfil_contenido_niveles_logro` */

DROP TABLE IF EXISTS `cu_perfil_contenido_niveles_logro`;

CREATE TABLE `cu_perfil_contenido_niveles_logro` (
  `id` int(11) NOT NULL auto_increment,
  `nombre` longtext,
  `id_perfil` int(11) default NULL,
  PRIMARY KEY  (`id`),
  KEY `FK_cu_perfil_contenido_niveles_logro` (`id_perfil`),
  CONSTRAINT `FK_cu_perfil_contenido_niveles_logro` FOREIGN KEY (`id_perfil`) REFERENCES `cu_perfil` (`id_perfil`)
) ENGINE=InnoDB AUTO_INCREMENT=6 DEFAULT CHARSET=latin1;

/*Data for the table `cu_perfil_contenido_niveles_logro` */

insert  into `cu_perfil_contenido_niveles_logro`(`id`,`nombre`,`id_perfil`) values (1,'Menciona la visión y misión de la cooperativa y como su puesto de trabajo contribuye al logro de la misma',1),(2,'Enumera cuales son los servicios que presta la cooperativa',1),(3,'Declara el nombre de la persona de cada área de la cooperativa a quien puede referir a los usuarios',1),(4,'Enumera las entidades para quienes puede recibir pagos de parte de los usuarios',1),(5,'Se encuentra actualizado con la información sobre las variaciones que pueden sufrir las tasas de interés en la cooperativa',1);

/*Table structure for table `cu_perfil_contenido_objetivos` */

DROP TABLE IF EXISTS `cu_perfil_contenido_objetivos`;

CREATE TABLE `cu_perfil_contenido_objetivos` (
  `id` int(11) NOT NULL auto_increment,
  `nombre` longtext,
  `id_perfil` int(11) default NULL,
  PRIMARY KEY  (`id`)
) ENGINE=InnoDB AUTO_INCREMENT=8 DEFAULT CHARSET=latin1;

/*Data for the table `cu_perfil_contenido_objetivos` */

insert  into `cu_perfil_contenido_objetivos`(`id`,`nombre`,`id_perfil`) values (5,'Dar a conocer la filosofía institucional que rige la cooperativa con el propósito que el nuevo miembro adopte aptitudes y valores propios del cooperativismo',1),(6,'Transmitir los principios fundamentales para establecer un modo de vida cooperativista',1),(7,'Dar a conocer los servicios que brinda la cooperativa a fin de que el participante los identifique',1);

/*Table structure for table `cu_perfil_contenido_recursos` */

DROP TABLE IF EXISTS `cu_perfil_contenido_recursos`;

CREATE TABLE `cu_perfil_contenido_recursos` (
  `id` int(11) NOT NULL auto_increment,
  `nombre` longtext,
  `id_perfil` int(11) default NULL,
  PRIMARY KEY  (`id`),
  KEY `FK_cu_perfil_contenido_recursos` (`id_perfil`),
  CONSTRAINT `FK_cu_perfil_contenido_recursos` FOREIGN KEY (`id_perfil`) REFERENCES `cu_perfil` (`id_perfil`)
) ENGINE=InnoDB AUTO_INCREMENT=10 DEFAULT CHARSET=latin1;

/*Data for the table `cu_perfil_contenido_recursos` */

insert  into `cu_perfil_contenido_recursos`(`id`,`nombre`,`id_perfil`) values (1,'Computadora',1),(2,'Laptop',1),(3,'Puntero',1),(4,'Papelográfo',1),(6,'Pizarra Acrílica',1),(7,'Plumones',1),(8,'Presentaciones',1),(9,'Fotografía o videos',1);

/*Table structure for table `cu_perfil_contenido_sugerencias_metodologicas` */

DROP TABLE IF EXISTS `cu_perfil_contenido_sugerencias_metodologicas`;

CREATE TABLE `cu_perfil_contenido_sugerencias_metodologicas` (
  `id` int(11) NOT NULL auto_increment,
  `nombre` longtext,
  `id_perfil` int(11) default NULL,
  `archivos` longtext,
  PRIMARY KEY  (`id`),
  KEY `FK_cu_perfil_contenido_sugerencias_metodologicas` (`id_perfil`),
  CONSTRAINT `FK_cu_perfil_contenido_sugerencias_metodologicas` FOREIGN KEY (`id_perfil`) REFERENCES `cu_perfil` (`id_perfil`)
) ENGINE=InnoDB AUTO_INCREMENT=4 DEFAULT CHARSET=latin1;

/*Data for the table `cu_perfil_contenido_sugerencias_metodologicas` */

insert  into `cu_perfil_contenido_sugerencias_metodologicas`(`id`,`nombre`,`id_perfil`,`archivos`) values (1,'Actividades de Inducción:',1,'[]'),(2,'Se sugiere la dinámica \"corazones\" para romper el hielo',1,NULL),(3,'Desarrollo de Contenido',1,NULL);

/*Table structure for table `cu_perfil_contenido_unidades_competencia` */

DROP TABLE IF EXISTS `cu_perfil_contenido_unidades_competencia`;

CREATE TABLE `cu_perfil_contenido_unidades_competencia` (
  `id` int(11) NOT NULL auto_increment,
  `nombre` longtext,
  `id_perfil` int(11) default NULL,
  PRIMARY KEY  (`id`),
  KEY `FK_cu_perfil_contenido_unidades_competencia` (`id_perfil`),
  CONSTRAINT `FK_cu_perfil_contenido_unidades_competencia` FOREIGN KEY (`id_perfil`) REFERENCES `cu_perfil` (`id_perfil`)
) ENGINE=InnoDB AUTO_INCREMENT=8 DEFAULT CHARSET=latin1;

/*Data for the table `cu_perfil_contenido_unidades_competencia` */

insert  into `cu_perfil_contenido_unidades_competencia`(`id`,`nombre`,`id_perfil`) values (2,'Conoce la filosofía organizacional de la cooperativa',1),(3,'Domina información básica de los servicios que presta la cooperativa',1),(4,'Identifica las personas encargadas de brindar detalles sobre los servicios que proporciona la cooperativa a fin de orientar adecuadamente a los usuarios que consulten',1),(5,'Identificar las entidades clientes de la cooperativa de quienes se puede aceptar pago por parte de los usuarios',1),(6,'Dispone de información actualizada sobre las tasas de interés de la cooperativa',1),(7,'Analísis Financiero',13);

/*Table structure for table `cu_perfil_contenido_unidades_contenido` */

DROP TABLE IF EXISTS `cu_perfil_contenido_unidades_contenido`;

CREATE TABLE `cu_perfil_contenido_unidades_contenido` (
  `id` int(11) NOT NULL auto_increment,
  `nombre` longtext,
  `id_perfil` int(11) default NULL,
  PRIMARY KEY  (`id`),
  KEY `FK_cu_perfil_contenido_unidades_contenido` (`id_perfil`),
  CONSTRAINT `FK_cu_perfil_contenido_unidades_contenido` FOREIGN KEY (`id_perfil`) REFERENCES `cu_perfil` (`id_perfil`)
) ENGINE=InnoDB AUTO_INCREMENT=6 DEFAULT CHARSET=latin1;

/*Data for the table `cu_perfil_contenido_unidades_contenido` */

insert  into `cu_perfil_contenido_unidades_contenido`(`id`,`nombre`,`id_perfil`) values (1,'Historia del cooperativismo en El Salvador',1),(2,'Identidad Cooperativa',1),(3,'Historia de la Federación',1),(4,'Filosofía Institucional',1),(5,'Servicios que presta la Cooperativa',1);

/*Table structure for table `cu_tablas_contenido` */

DROP TABLE IF EXISTS `cu_tablas_contenido`;

CREATE TABLE `cu_tablas_contenido` (
  `id_tabla_contenido` int(11) NOT NULL auto_increment,
  `nombre_tabla` varchar(100) default NULL,
  `id_tabla` varchar(100) default NULL,
  `nombre_contenido` varchar(100) default NULL,
  `archivos` int(11) default '0',
  PRIMARY KEY  (`id_tabla_contenido`)
) ENGINE=InnoDB AUTO_INCREMENT=9 DEFAULT CHARSET=latin1;

/*Data for the table `cu_tablas_contenido` */

insert  into `cu_tablas_contenido`(`id_tabla_contenido`,`nombre_tabla`,`id_tabla`,`nombre_contenido`,`archivos`) values (1,'cu_perfil_contenido_aspectos','id_aspecto','Aspectos Generales',0),(2,'cu_perfil_contenido_objetivos','id_objetivo','Objetivos',0),(3,'cu_perfil_contenido_unidades_competencia',NULL,'Unidades de competencia',0),(4,'cu_perfil_contenido_niveles_logro',NULL,'Niveles de logro',0),(5,'cu_perfil_contenido_unidades_contenido',NULL,'Unidades de contenido',0),(6,'cu_perfil_contenido_sugerencias_metodologicas',NULL,'Sugerencias metodologicas',1),(7,'cu_perfil_contenido_recursos',NULL,'Recursos',0),(8,'cu_perfil_contenido_b_material_apoyo',NULL,'Bibliografía y material de apoyo',1);

/*Table structure for table `inscripcion_asistencia` */

DROP TABLE IF EXISTS `inscripcion_asistencia`;

CREATE TABLE `inscripcion_asistencia` (
  `id_asistencia` int(11) NOT NULL auto_increment,
  `id_modulo` int(11) NOT NULL,
  `id_inscripcion_personas` int(11) NOT NULL,
  `asistio` int(11) default '1',
  `aprobado` int(11) NOT NULL default '0',
  `fecha_creacion` datetime NOT NULL,
  `id_usuario` int(11) default NULL,
  PRIMARY KEY  (`id_asistencia`)
) ENGINE=InnoDB AUTO_INCREMENT=34 DEFAULT CHARSET=latin1;

/*Data for the table `inscripcion_asistencia` */

insert  into `inscripcion_asistencia`(`id_asistencia`,`id_modulo`,`id_inscripcion_personas`,`asistio`,`aprobado`,`fecha_creacion`,`id_usuario`) values (31,10,12,1,1,'2014-02-13 23:16:25',1),(32,10,13,1,1,'2014-02-13 23:16:25',1),(33,10,14,1,0,'2014-02-26 22:56:35',1);

/*Table structure for table `inscripcion_temas` */

DROP TABLE IF EXISTS `inscripcion_temas`;

CREATE TABLE `inscripcion_temas` (
  `id_inscripcion_tema` int(11) NOT NULL auto_increment,
  `id_usuario` int(11) default NULL,
  `id_capacitacion` int(11) default NULL,
  `f_creacion` datetime default NULL,
  `activo` int(11) default '1',
  `id_cooperativa` int(11) default NULL,
  PRIMARY KEY  (`id_inscripcion_tema`),
  KEY `FK_inscripcion_temas` (`id_capacitacion`),
  CONSTRAINT `FK_inscripcion_temas` FOREIGN KEY (`id_capacitacion`) REFERENCES `pl_capacitaciones` (`id_capacitacion`)
) ENGINE=InnoDB AUTO_INCREMENT=12 DEFAULT CHARSET=latin1;

/*Data for the table `inscripcion_temas` */

insert  into `inscripcion_temas`(`id_inscripcion_tema`,`id_usuario`,`id_capacitacion`,`f_creacion`,`activo`,`id_cooperativa`) values (8,7,7,'2014-02-01 22:10:39',1,9),(9,4,7,'2014-02-01 22:14:02',1,6),(10,0,7,'2014-02-26 22:03:06',1,1),(11,0,7,'2014-02-26 22:07:07',1,NULL);

/*Table structure for table `inscripcion_temas_personas` */

DROP TABLE IF EXISTS `inscripcion_temas_personas`;

CREATE TABLE `inscripcion_temas_personas` (
  `id_inscripcion_personas` int(11) NOT NULL auto_increment,
  `id_inscripcion_tema` int(11) NOT NULL,
  `dui` varchar(20) default NULL,
  `apellidos` varchar(20) default NULL,
  `nombres` varchar(20) default NULL,
  `correo` longtext,
  `tipo_persona` varchar(5) default 'A',
  `id_sucursal` int(11) NOT NULL,
  `id_cargo` int(11) NOT NULL,
  `aprobado` int(11) default '0',
  `id_usuario` int(11) NOT NULL,
  `f_creacion` datetime NOT NULL,
  `activo` int(11) default '1',
  PRIMARY KEY  (`id_inscripcion_personas`),
  KEY `FK_inscripcion_temas_personas` (`id_inscripcion_tema`),
  CONSTRAINT `FK_inscripcion_temas_personas` FOREIGN KEY (`id_inscripcion_tema`) REFERENCES `inscripcion_temas` (`id_inscripcion_tema`)
) ENGINE=InnoDB AUTO_INCREMENT=15 DEFAULT CHARSET=latin1;

/*Data for the table `inscripcion_temas_personas` */

insert  into `inscripcion_temas_personas`(`id_inscripcion_personas`,`id_inscripcion_tema`,`dui`,`apellidos`,`nombres`,`correo`,`tipo_persona`,`id_sucursal`,`id_cargo`,`aprobado`,`id_usuario`,`f_creacion`,`activo`) values (12,8,'56985749-5','Rodriguez','Jorge','sdf','A',7,1,0,1,'2014-02-01 22:10:39',1),(13,9,'25689-654','Hernandez','Carlos',NULL,'A',9,2,0,1,'2014-02-01 22:14:02',1),(14,8,'2','Amaya','Carlos','jarh@jarh.com','A',0,3,0,1,'2014-02-26 22:56:35',1);

/*Table structure for table `mante_cargos` */

DROP TABLE IF EXISTS `mante_cargos`;

CREATE TABLE `mante_cargos` (
  `id_cargo` int(11) NOT NULL auto_increment,
  `nombre_cargo` varchar(100) default NULL,
  `f_creacion` datetime default NULL,
  `id_usuario` int(11) default NULL,
  `activo` int(11) default '1',
  PRIMARY KEY  (`id_cargo`)
) ENGINE=MyISAM AUTO_INCREMENT=6 DEFAULT CHARSET=latin1;

/*Data for the table `mante_cargos` */

insert  into `mante_cargos`(`id_cargo`,`nombre_cargo`,`f_creacion`,`id_usuario`,`activo`) values (1,'Otro','2013-06-28 20:34:20',1,1),(2,'Gerente','2013-06-28 20:34:41',1,1),(3,'Secretaria','2013-06-28 20:34:53',1,1),(4,'Gestor de creditos','2013-06-28 20:35:04',1,1),(5,'Cajero','2013-06-28 20:35:13',1,1);

/*Table structure for table `mante_cat_resultado` */

DROP TABLE IF EXISTS `mante_cat_resultado`;

CREATE TABLE `mante_cat_resultado` (
  `id_mante_cat_resultado` int(11) NOT NULL auto_increment,
  `nombre` varchar(200) NOT NULL,
  `activo` int(11) NOT NULL default '1',
  `f_creacion` datetime default NULL,
  `id_usuario` int(11) default NULL,
  PRIMARY KEY  (`id_mante_cat_resultado`)
) ENGINE=InnoDB AUTO_INCREMENT=5 DEFAULT CHARSET=latin1;

/*Data for the table `mante_cat_resultado` */

insert  into `mante_cat_resultado`(`id_mante_cat_resultado`,`nombre`,`activo`,`f_creacion`,`id_usuario`) values (1,'DEL INSTRUCTOR',1,'2014-01-20 23:40:32',1),(2,'DEL CURSO',1,'2014-01-20 23:47:06',1),(3,'DEL GRUPO',1,'2014-01-20 23:47:22',1),(4,'DE LA COORDINACION GENERAL',1,'2014-01-20 23:47:43',1);

/*Table structure for table `mante_cat_resultado_aspectos` */

DROP TABLE IF EXISTS `mante_cat_resultado_aspectos`;

CREATE TABLE `mante_cat_resultado_aspectos` (
  `id_aspectos_considerar` int(11) NOT NULL auto_increment,
  `id_mante_cat_resultado` int(11) NOT NULL,
  `nombre` varchar(200) NOT NULL,
  `activo` int(11) default '1',
  `f_creacion` datetime default NULL,
  `id_usuario` int(11) default NULL,
  PRIMARY KEY  (`id_aspectos_considerar`)
) ENGINE=InnoDB AUTO_INCREMENT=14 DEFAULT CHARSET=latin1;

/*Data for the table `mante_cat_resultado_aspectos` */

insert  into `mante_cat_resultado_aspectos`(`id_aspectos_considerar`,`id_mante_cat_resultado`,`nombre`,`activo`,`f_creacion`,`id_usuario`) values (1,1,'Dominio del tema que impartió',1,'2014-01-21 00:05:50',1),(2,2,'Se alcanzaron los Objetivos',1,'2014-01-22 22:07:00',1),(3,3,'Los participantes se mostraron interesados',1,'2014-01-22 22:07:41',1),(4,4,'La calidad de trabajo del coordinador',1,'2014-01-22 22:08:27',1),(5,1,'Preparo sus sesiones',1,'2014-01-23 20:43:42',1),(6,3,'Compartieron sus conocimientos y experiencias',1,'2014-01-23 21:21:25',1),(7,1,'Fomento la participación del grupo',1,'2014-01-23 22:30:34',1),(8,1,'Se expreso con claridad',1,'2014-01-23 22:31:18',1),(9,1,'Cumplió con los tiempos programados',1,'2014-01-23 22:31:51',1),(10,1,'Supervisó el trabajo en equipo',1,'2014-01-23 22:33:08',1),(11,2,'El conocimiento adquirido es aplicable en su rol',1,'2014-01-23 22:35:26',1),(12,2,'El tema se desarrolló de forma teórico - práctico',1,'2014-01-23 22:36:31',1),(13,2,'Los Contenidos se abordaron con secuencia logica',1,'2014-01-23 22:37:06',1);

/*Table structure for table `mante_costos` */

DROP TABLE IF EXISTS `mante_costos`;

CREATE TABLE `mante_costos` (
  `id_costo` int(11) NOT NULL auto_increment,
  `nombre_costo` varchar(100) default NULL,
  `activo` int(11) default '1',
  `id_usuario` int(11) default NULL,
  `f_creacion` datetime default NULL,
  PRIMARY KEY  (`id_costo`)
) ENGINE=InnoDB AUTO_INCREMENT=5 DEFAULT CHARSET=latin1;

/*Data for the table `mante_costos` */

insert  into `mante_costos`(`id_costo`,`nombre_costo`,`activo`,`id_usuario`,`f_creacion`) values (1,'Costo 12',0,NULL,NULL),(2,'costo 3',1,NULL,NULL),(3,'costos 2',1,NULL,NULL),(4,'costo 4',1,NULL,NULL);

/*Table structure for table `mante_especialidades` */

DROP TABLE IF EXISTS `mante_especialidades`;

CREATE TABLE `mante_especialidades` (
  `id_especialidad` int(11) NOT NULL auto_increment,
  `nombre_especialidad` longtext NOT NULL,
  `id_usuario` int(11) NOT NULL,
  `f_creacion` datetime NOT NULL,
  `activo` int(11) NOT NULL default '1',
  PRIMARY KEY  (`id_especialidad`)
) ENGINE=InnoDB AUTO_INCREMENT=3 DEFAULT CHARSET=latin1;

/*Data for the table `mante_especialidades` */

insert  into `mante_especialidades`(`id_especialidad`,`nombre_especialidad`,`id_usuario`,`f_creacion`,`activo`) values (1,'Especialidad 1',1,'2013-12-16 21:46:18',1),(2,'Especialidad 2',1,'2013-12-16 22:34:43',1);

/*Table structure for table `mante_especialidades_x_facilitador` */

DROP TABLE IF EXISTS `mante_especialidades_x_facilitador`;

CREATE TABLE `mante_especialidades_x_facilitador` (
  `id_especialidad_x_facilitador` int(11) NOT NULL auto_increment,
  `id_especialidad` int(11) NOT NULL,
  `id_facilitador` int(11) NOT NULL,
  PRIMARY KEY  (`id_especialidad_x_facilitador`)
) ENGINE=InnoDB AUTO_INCREMENT=9 DEFAULT CHARSET=latin1;

/*Data for the table `mante_especialidades_x_facilitador` */

insert  into `mante_especialidades_x_facilitador`(`id_especialidad_x_facilitador`,`id_especialidad`,`id_facilitador`) values (7,2,2),(8,1,2);

/*Table structure for table `mante_estados_planes` */

DROP TABLE IF EXISTS `mante_estados_planes`;

CREATE TABLE `mante_estados_planes` (
  `id_estado_plan` int(11) NOT NULL auto_increment,
  `nombre_estado` varchar(100) default NULL,
  `activo` int(11) default '1',
  `id_usuario` int(11) default NULL,
  `f_creacion` datetime default NULL,
  PRIMARY KEY  (`id_estado_plan`)
) ENGINE=InnoDB AUTO_INCREMENT=4 DEFAULT CHARSET=latin1;

/*Data for the table `mante_estados_planes` */

insert  into `mante_estados_planes`(`id_estado_plan`,`nombre_estado`,`activo`,`id_usuario`,`f_creacion`) values (2,'Abierto',1,1,'2013-06-02 13:54:33'),(3,'Cerrado',1,1,'2013-06-02 13:54:33');

/*Table structure for table `mante_facilitadores` */

DROP TABLE IF EXISTS `mante_facilitadores`;

CREATE TABLE `mante_facilitadores` (
  `id_facilitador` int(11) NOT NULL auto_increment,
  `nombres` varchar(50) default NULL,
  `apellidos` varchar(50) default NULL,
  `telefono` varchar(20) default NULL,
  `direccion` longtext,
  `t_oficina` varchar(20) default NULL,
  `celular` varchar(20) default NULL,
  `correo` varchar(15) default NULL,
  `acreditado` int(11) default '0',
  `activo` int(11) default '1',
  `id_usuario` int(11) default NULL,
  `f_creacion` datetime default NULL,
  PRIMARY KEY  (`id_facilitador`)
) ENGINE=InnoDB AUTO_INCREMENT=3 DEFAULT CHARSET=latin1;

/*Data for the table `mante_facilitadores` */

insert  into `mante_facilitadores`(`id_facilitador`,`nombres`,`apellidos`,`telefono`,`direccion`,`t_oficina`,`celular`,`correo`,`acreditado`,`activo`,`id_usuario`,`f_creacion`) values (1,'Jorge Antonio','Rodriguez','',NULL,'25639845','','jarh@jarh.com',0,1,1,'2013-06-11 10:00:00'),(2,'Carlos','Hernandez','123456789',NULL,'123456789','123456789','jarh@jar.com',1,1,1,'2013-06-11 23:45:54');

/*Table structure for table `mante_facilitadores_docs` */

DROP TABLE IF EXISTS `mante_facilitadores_docs`;

CREATE TABLE `mante_facilitadores_docs` (
  `id_doc` int(11) NOT NULL auto_increment,
  `id_facilitador` int(11) NOT NULL,
  `nombre_doc` varchar(100) NOT NULL,
  `archivo` longtext,
  `f_creacion` datetime default NULL,
  `id_usuario` int(11) default NULL,
  `activo` int(11) default '1',
  PRIMARY KEY  (`id_doc`)
) ENGINE=InnoDB AUTO_INCREMENT=2 DEFAULT CHARSET=latin1;

/*Data for the table `mante_facilitadores_docs` */

insert  into `mante_facilitadores_docs`(`id_doc`,`id_facilitador`,`nombre_doc`,`archivo`,`f_creacion`,`id_usuario`,`activo`) values (1,2,'Archivo 1','control.jsf','2014-02-13 23:06:54',1,1);

/*Table structure for table `mante_lugares` */

DROP TABLE IF EXISTS `mante_lugares`;

CREATE TABLE `mante_lugares` (
  `id_lugar` int(11) NOT NULL auto_increment,
  `nombre_lugar` varchar(100) default NULL,
  `telefono` varchar(50) default NULL,
  `ubicacion` varchar(100) default NULL,
  `activo` int(11) default '1',
  `id_usuario` int(11) default NULL,
  `f_creacion` datetime default NULL,
  PRIMARY KEY  (`id_lugar`)
) ENGINE=InnoDB AUTO_INCREMENT=4 DEFAULT CHARSET=latin1;

/*Data for the table `mante_lugares` */

insert  into `mante_lugares`(`id_lugar`,`nombre_lugar`,`telefono`,`ubicacion`,`activo`,`id_usuario`,`f_creacion`) values (2,'Lugar Nº1','123456','San Salvador',1,1,'2013-06-16 16:37:59'),(3,'Lugar 2','321654','Soyapango',1,1,'2013-06-16 16:39:00');

/*Table structure for table `mante_modalidades` */

DROP TABLE IF EXISTS `mante_modalidades`;

CREATE TABLE `mante_modalidades` (
  `id_modalidad` int(11) NOT NULL auto_increment,
  `nombre_modalidad` varchar(100) default NULL,
  `objetivo` varchar(300) default NULL,
  `f_creacion` datetime default NULL,
  `id_usuario` int(11) default NULL,
  `activo` int(11) default '1',
  PRIMARY KEY  (`id_modalidad`)
) ENGINE=InnoDB AUTO_INCREMENT=6 DEFAULT CHARSET=latin1;

/*Data for the table `mante_modalidades` */

insert  into `mante_modalidades`(`id_modalidad`,`nombre_modalidad`,`objetivo`,`f_creacion`,`id_usuario`,`activo`) values (2,'Diplomados','Diplomados, Diplomados','2013-06-01 20:54:52',1,1),(3,'Seminarios y Foros','Seminarios y Foros, Seminarios y Foros','2013-06-02 17:05:20',1,1),(4,'Talleres','Talleres, Talleres','2013-06-02 17:05:41',1,1),(5,'Congresos','Congresos, Congresos','2013-06-02 17:05:55',1,1);

/*Table structure for table `mante_personal` */

DROP TABLE IF EXISTS `mante_personal`;

CREATE TABLE `mante_personal` (
  `id_personal` int(11) NOT NULL auto_increment,
  `id_cooperativa` int(11) NOT NULL default '0',
  `id_sucursal` int(11) NOT NULL default '0',
  `dui` varchar(100) default NULL,
  `apellidos` longtext,
  `nombres` longtext,
  `correo` longtext,
  `id_cargo` int(11) default NULL,
  `activo` int(11) default '1',
  `id_usuario` int(11) default NULL,
  `f_creacion` datetime default NULL,
  PRIMARY KEY  (`id_personal`)
) ENGINE=InnoDB AUTO_INCREMENT=3 DEFAULT CHARSET=latin1;

/*Data for the table `mante_personal` */

insert  into `mante_personal`(`id_personal`,`id_cooperativa`,`id_sucursal`,`dui`,`apellidos`,`nombres`,`correo`,`id_cargo`,`activo`,`id_usuario`,`f_creacion`) values (1,9,8,'1','Rodriguez','Antonio',NULL,2,1,7,'2014-02-15 22:41:49'),(2,9,8,'2','Amaya','Carlos','jarh@jarh.com',3,1,7,'2014-02-25 22:33:52');

/*Table structure for table `mante_profesion_x_facilitador` */

DROP TABLE IF EXISTS `mante_profesion_x_facilitador`;

CREATE TABLE `mante_profesion_x_facilitador` (
  `id_profesion_x_facilitador` int(11) NOT NULL auto_increment,
  `id_facilitador` int(11) NOT NULL,
  `id_profesion` int(11) NOT NULL,
  PRIMARY KEY  (`id_profesion_x_facilitador`)
) ENGINE=InnoDB AUTO_INCREMENT=11 DEFAULT CHARSET=latin1;

/*Data for the table `mante_profesion_x_facilitador` */

insert  into `mante_profesion_x_facilitador`(`id_profesion_x_facilitador`,`id_facilitador`,`id_profesion`) values (10,2,1);

/*Table structure for table `mante_profesiones` */

DROP TABLE IF EXISTS `mante_profesiones`;

CREATE TABLE `mante_profesiones` (
  `id_profesion` int(11) NOT NULL auto_increment,
  `nombre_profesion` longtext NOT NULL,
  `id_usuario` int(11) NOT NULL,
  `f_creacion` datetime NOT NULL,
  `activo` int(11) NOT NULL default '1',
  PRIMARY KEY  (`id_profesion`)
) ENGINE=InnoDB AUTO_INCREMENT=3 DEFAULT CHARSET=latin1;

/*Data for the table `mante_profesiones` */

insert  into `mante_profesiones`(`id_profesion`,`nombre_profesion`,`id_usuario`,`f_creacion`,`activo`) values (1,'Profesion 1',1,'2013-12-16 21:32:41',1),(2,'Profesiones 2',1,'2013-12-16 22:08:40',1);

/*Table structure for table `mante_rubros` */

DROP TABLE IF EXISTS `mante_rubros`;

CREATE TABLE `mante_rubros` (
  `id_rubro` int(11) NOT NULL auto_increment,
  `nombre` varchar(50) default NULL,
  `id_usuario` int(11) default NULL,
  `f_creacion` datetime default NULL,
  `activo` int(11) default '1',
  PRIMARY KEY  (`id_rubro`)
) ENGINE=InnoDB AUTO_INCREMENT=4 DEFAULT CHARSET=latin1;

/*Data for the table `mante_rubros` */

insert  into `mante_rubros`(`id_rubro`,`nombre`,`id_usuario`,`f_creacion`,`activo`) values (2,'Alimentos',1,'2013-06-19 20:53:32',1),(3,'Materiales',1,'2013-06-19 20:53:47',1);

/*Table structure for table `mante_subcostos` */

DROP TABLE IF EXISTS `mante_subcostos`;

CREATE TABLE `mante_subcostos` (
  `id_subcosto` int(11) NOT NULL auto_increment,
  `id_costo` int(11) default NULL,
  `nombre_subcosto` varchar(100) default NULL,
  `activo` int(11) default '1',
  `id_usuario` int(11) default NULL,
  `f_creacion` datetime default NULL,
  PRIMARY KEY  (`id_subcosto`),
  KEY `FK_mante_subcostos` (`id_costo`),
  CONSTRAINT `FK_mante_subcostos` FOREIGN KEY (`id_costo`) REFERENCES `mante_costos` (`id_costo`)
) ENGINE=InnoDB AUTO_INCREMENT=2 DEFAULT CHARSET=latin1;

/*Data for the table `mante_subcostos` */

insert  into `mante_subcostos`(`id_subcosto`,`id_costo`,`nombre_subcosto`,`activo`,`id_usuario`,`f_creacion`) values (1,3,'sub costo 1',1,NULL,NULL);

/*Table structure for table `mante_tipo_evaluacion` */

DROP TABLE IF EXISTS `mante_tipo_evaluacion`;

CREATE TABLE `mante_tipo_evaluacion` (
  `id_tipo_evaluacion` int(11) NOT NULL auto_increment,
  `nombre_tipo_evaluacion` longtext,
  `activo` int(11) NOT NULL default '1',
  `f_creacion` datetime default NULL,
  `id_usuario` int(11) default NULL,
  PRIMARY KEY  (`id_tipo_evaluacion`)
) ENGINE=InnoDB AUTO_INCREMENT=7 DEFAULT CHARSET=latin1;

/*Data for the table `mante_tipo_evaluacion` */

insert  into `mante_tipo_evaluacion`(`id_tipo_evaluacion`,`nombre_tipo_evaluacion`,`activo`,`f_creacion`,`id_usuario`) values (1,'Examen',1,'2014-01-03 21:10:49',1),(4,'Laboratorio',1,'2014-01-06 22:25:53',1),(5,'Tarea Escrita',1,'2014-01-06 22:26:07',1),(6,'Asistencia',1,'2014-01-06 22:26:15',1);

/*Table structure for table `mante_tipos_facilitadores` */

DROP TABLE IF EXISTS `mante_tipos_facilitadores`;

CREATE TABLE `mante_tipos_facilitadores` (
  `id_tipo_facilitador` int(11) NOT NULL auto_increment,
  `nombre_tipo_facilitador` varchar(50) default NULL,
  `id_usuario` int(11) default NULL,
  `f_creacion` datetime default NULL,
  `activo` int(11) default '1',
  PRIMARY KEY  (`id_tipo_facilitador`)
) ENGINE=InnoDB AUTO_INCREMENT=2 DEFAULT CHARSET=latin1;

/*Data for the table `mante_tipos_facilitadores` */

insert  into `mante_tipos_facilitadores`(`id_tipo_facilitador`,`nombre_tipo_facilitador`,`id_usuario`,`f_creacion`,`activo`) values (1,'Facilitador 1',1,'2013-06-28 20:28:15',1);

/*Table structure for table `pl_capacitaciones` */

DROP TABLE IF EXISTS `pl_capacitaciones`;

CREATE TABLE `pl_capacitaciones` (
  `id_capacitacion` int(11) NOT NULL auto_increment,
  `id_plan_modalidad` int(11) default NULL,
  `nombre_capacitacion` longtext,
  `objetivo` varchar(300) default NULL,
  `cerrado` int(11) default '0',
  `n_participantes` int(11) default '1',
  `n_participantes_no` int(11) default '1',
  `n_participantes_ex` int(11) default '1',
  `f_creacion` datetime default NULL,
  `id_usuario` int(11) default NULL,
  `activo` int(11) default '1',
  PRIMARY KEY  (`id_capacitacion`),
  KEY `FK_pl_capacitaciones` (`id_plan_modalidad`),
  CONSTRAINT `FK_pl_capacitaciones` FOREIGN KEY (`id_plan_modalidad`) REFERENCES `pl_modalidades` (`id_plan_modalidad`)
) ENGINE=InnoDB AUTO_INCREMENT=9 DEFAULT CHARSET=latin1;

/*Data for the table `pl_capacitaciones` */

insert  into `pl_capacitaciones`(`id_capacitacion`,`id_plan_modalidad`,`nombre_capacitacion`,`objetivo`,`cerrado`,`n_participantes`,`n_participantes_no`,`n_participantes_ex`,`f_creacion`,`id_usuario`,`activo`) values (7,6,'Diplomado 1','Diplomado 1',0,10,5,5,'2014-01-31 23:16:51',8,1),(8,6,'Diplomado 2','Diplomado 2',0,0,0,0,'2014-02-01 00:04:52',8,1);

/*Table structure for table `pl_modalidades` */

DROP TABLE IF EXISTS `pl_modalidades`;

CREATE TABLE `pl_modalidades` (
  `id_plan_modalidad` int(11) NOT NULL auto_increment,
  `id_plan` int(11) default NULL,
  `id_modalidad` int(11) default NULL,
  `id_usuario` int(11) default NULL,
  `f_creacion` datetime default NULL,
  `activo` int(11) default '1',
  PRIMARY KEY  (`id_plan_modalidad`),
  KEY `FK_pl_modalidades` (`id_plan`),
  KEY `FK_pl_modalidades2` (`id_modalidad`),
  CONSTRAINT `FK_pl_modalidades` FOREIGN KEY (`id_plan`) REFERENCES `pl_planes` (`id_plan`),
  CONSTRAINT `FK_pl_modalidades2` FOREIGN KEY (`id_modalidad`) REFERENCES `mante_modalidades` (`id_modalidad`)
) ENGINE=InnoDB AUTO_INCREMENT=8 DEFAULT CHARSET=latin1;

/*Data for the table `pl_modalidades` */

insert  into `pl_modalidades`(`id_plan_modalidad`,`id_plan`,`id_modalidad`,`id_usuario`,`f_creacion`,`activo`) values (6,3,2,8,'2014-01-31 23:08:47',1),(7,3,3,1,'2014-02-01 21:56:40',1);

/*Table structure for table `pl_modulo_facilitador` */

DROP TABLE IF EXISTS `pl_modulo_facilitador`;

CREATE TABLE `pl_modulo_facilitador` (
  `id_modulo_facilitador` int(11) NOT NULL auto_increment,
  `id_modulo` int(11) default NULL,
  `id_facilitador` int(11) default NULL,
  PRIMARY KEY  (`id_modulo_facilitador`),
  KEY `FK_pl_modulo_facilitador` (`id_facilitador`),
  KEY `FK_pl_modulo_facilitador_2` (`id_modulo`),
  CONSTRAINT `FK_pl_modulo_facilitador` FOREIGN KEY (`id_facilitador`) REFERENCES `mante_facilitadores` (`id_facilitador`),
  CONSTRAINT `FK_pl_modulo_facilitador_2` FOREIGN KEY (`id_modulo`) REFERENCES `pl_modulos` (`id_modulo`)
) ENGINE=InnoDB AUTO_INCREMENT=2 DEFAULT CHARSET=latin1;

/*Data for the table `pl_modulo_facilitador` */

insert  into `pl_modulo_facilitador`(`id_modulo_facilitador`,`id_modulo`,`id_facilitador`) values (1,10,2);

/*Table structure for table `pl_modulos` */

DROP TABLE IF EXISTS `pl_modulos`;

CREATE TABLE `pl_modulos` (
  `id_modulo` int(11) NOT NULL auto_increment,
  `id_capacitacion` int(11) default NULL,
  `id_lugar` int(11) default NULL,
  `nombre_modulo` longtext,
  `precio_venta` decimal(12,2) default '0.00',
  `precio_venta_no` decimal(12,2) default '0.00',
  `precio_venta_ex` decimal(12,2) default '0.00',
  `objetivo_modulo` varchar(300) default NULL,
  `id_contenido` int(11) default '0',
  `fecha_prevista` date default NULL,
  `fecha_prevista_fin` date default NULL,
  `contenido` varchar(200) default NULL,
  `temas` longtext,
  `porcentaje` decimal(18,2) default '0.00',
  `puede_evaluar` int(11) NOT NULL default '1',
  `id_usuario` int(11) default NULL,
  `f_creacion` datetime default NULL,
  `activo` int(11) default '1',
  `es_calificado` int(11) default '0',
  PRIMARY KEY  (`id_modulo`),
  KEY `FK_pl_modulos` (`id_capacitacion`),
  KEY `FK_pl_modulos_2` (`id_lugar`),
  CONSTRAINT `FK_pl_modulos` FOREIGN KEY (`id_capacitacion`) REFERENCES `pl_capacitaciones` (`id_capacitacion`),
  CONSTRAINT `FK_pl_modulos_2` FOREIGN KEY (`id_lugar`) REFERENCES `mante_lugares` (`id_lugar`)
) ENGINE=InnoDB AUTO_INCREMENT=11 DEFAULT CHARSET=latin1;

/*Data for the table `pl_modulos` */

insert  into `pl_modulos`(`id_modulo`,`id_capacitacion`,`id_lugar`,`nombre_modulo`,`precio_venta`,`precio_venta_no`,`precio_venta_ex`,`objetivo_modulo`,`id_contenido`,`fecha_prevista`,`fecha_prevista_fin`,`contenido`,`temas`,`porcentaje`,`puede_evaluar`,`id_usuario`,`f_creacion`,`activo`,`es_calificado`) values (10,7,3,'Modulo 1','10.00','15.00','20.00','Modulo 1',0,'2014-02-19','2014-02-27','---','[\"Tema1\",\"TEMA 2\"]','50.00',1,8,'2014-01-31 23:17:35',1,1);

/*Table structure for table `pl_modulos_calificacion` */

DROP TABLE IF EXISTS `pl_modulos_calificacion`;

CREATE TABLE `pl_modulos_calificacion` (
  `id_calificacion` int(11) NOT NULL auto_increment,
  `id_modulo` int(11) NOT NULL,
  `id_aspecto` int(11) NOT NULL,
  `nota` decimal(5,2) NOT NULL,
  `id_usuario` int(11) default NULL,
  `f_creacion` datetime default NULL,
  PRIMARY KEY  (`id_calificacion`)
) ENGINE=InnoDB AUTO_INCREMENT=14 DEFAULT CHARSET=latin1;

/*Data for the table `pl_modulos_calificacion` */

insert  into `pl_modulos_calificacion`(`id_calificacion`,`id_modulo`,`id_aspecto`,`nota`,`id_usuario`,`f_creacion`) values (1,10,1,'5.00',1,'2014-02-26 20:32:51'),(2,10,5,'3.00',1,'2014-02-26 20:32:51'),(3,10,7,'5.00',1,'2014-02-26 20:32:51'),(4,10,8,'4.00',1,'2014-02-26 20:32:51'),(5,10,9,'2.00',1,'2014-02-26 20:32:51'),(6,10,10,'5.00',1,'2014-02-26 20:32:51'),(7,10,2,'4.00',1,'2014-02-26 20:32:51'),(8,10,11,'1.00',1,'2014-02-26 20:32:51'),(9,10,12,'3.00',1,'2014-02-26 20:32:51'),(10,10,13,'5.00',1,'2014-02-26 20:32:51'),(11,10,3,'1.00',1,'2014-02-26 20:32:51'),(12,10,6,'4.00',1,'2014-02-26 20:32:51'),(13,10,4,'5.00',1,'2014-02-26 20:32:51');

/*Table structure for table `pl_modulos_eval` */

DROP TABLE IF EXISTS `pl_modulos_eval`;

CREATE TABLE `pl_modulos_eval` (
  `id_eval_x_mod` int(11) NOT NULL auto_increment,
  `id_modulo` int(11) NOT NULL,
  `id_tipo_evaluacion` int(11) NOT NULL,
  `porcentaje` decimal(18,2) NOT NULL default '0.00',
  `f_creacion` datetime default NULL,
  `id_usuario` int(11) default NULL,
  `activo` int(11) NOT NULL default '1',
  PRIMARY KEY  (`id_eval_x_mod`)
) ENGINE=InnoDB DEFAULT CHARSET=latin1;

/*Data for the table `pl_modulos_eval` */

/*Table structure for table `pl_modulos_notas` */

DROP TABLE IF EXISTS `pl_modulos_notas`;

CREATE TABLE `pl_modulos_notas` (
  `id_nota_x_modulo` int(11) NOT NULL auto_increment,
  `id_modulo` int(11) NOT NULL,
  `id_inscripcion_persona` int(11) NOT NULL,
  `id_eval_x_mod` int(11) NOT NULL,
  `nota` decimal(18,2) NOT NULL,
  PRIMARY KEY  (`id_nota_x_modulo`)
) ENGINE=InnoDB DEFAULT CHARSET=latin1;

/*Data for the table `pl_modulos_notas` */

/*Table structure for table `pl_opiniones` */

DROP TABLE IF EXISTS `pl_opiniones`;

CREATE TABLE `pl_opiniones` (
  `id_opinion` int(11) NOT NULL auto_increment,
  `id_modulo` int(11) NOT NULL,
  `mas_gusto` longtext,
  `menos_gusto` longtext,
  `sugerencia` longtext,
  `areas_capacitado` longtext,
  `f_creacion` datetime default NULL,
  `id_usuario` int(11) default NULL,
  `activo` int(11) default '1',
  PRIMARY KEY  (`id_opinion`)
) ENGINE=InnoDB DEFAULT CHARSET=latin1;

/*Data for the table `pl_opiniones` */

/*Table structure for table `pl_panes_docs` */

DROP TABLE IF EXISTS `pl_panes_docs`;

CREATE TABLE `pl_panes_docs` (
  `id_doc` int(11) NOT NULL auto_increment,
  `id_plan` int(11) NOT NULL,
  `nombre_doc` varchar(100) NOT NULL,
  `archivo` longtext,
  `f_creacion` datetime default NULL,
  `id_usuario` int(11) default NULL,
  `activo` int(11) default '1',
  PRIMARY KEY  (`id_doc`)
) ENGINE=InnoDB AUTO_INCREMENT=2 DEFAULT CHARSET=latin1;

/*Data for the table `pl_panes_docs` */

insert  into `pl_panes_docs`(`id_doc`,`id_plan`,`nombre_doc`,`archivo`,`f_creacion`,`id_usuario`,`activo`) values (1,3,'Doc 1','photodex-presenter-install.log','2014-02-13 22:48:02',1,1);

/*Table structure for table `pl_planes` */

DROP TABLE IF EXISTS `pl_planes`;

CREATE TABLE `pl_planes` (
  `id_plan` int(11) NOT NULL auto_increment,
  `nombre_plan` longtext,
  `f_creacion` datetime default NULL,
  `id_usuario` int(11) default NULL,
  `id_estado_plan` int(11) default NULL,
  `activo` int(11) default '1',
  PRIMARY KEY  (`id_plan`),
  KEY `FK_pl_planes` (`id_estado_plan`),
  CONSTRAINT `FK_pl_planes` FOREIGN KEY (`id_estado_plan`) REFERENCES `mante_estados_planes` (`id_estado_plan`)
) ENGINE=InnoDB AUTO_INCREMENT=4 DEFAULT CHARSET=latin1;

/*Data for the table `pl_planes` */

insert  into `pl_planes`(`id_plan`,`nombre_plan`,`f_creacion`,`id_usuario`,`id_estado_plan`,`activo`) values (3,'Plan 2014','2014-01-31 23:08:41',8,2,1);

/*Table structure for table `pl_rubro` */

DROP TABLE IF EXISTS `pl_rubro`;

CREATE TABLE `pl_rubro` (
  `id_rubro` int(11) NOT NULL auto_increment,
  `id_rubro_name` int(11) default NULL,
  `id_modulo` int(11) default NULL,
  `f_creacion` datetime default NULL,
  `id_usuario` int(11) default NULL,
  `activo` int(11) default '1',
  PRIMARY KEY  (`id_rubro`),
  KEY `FK_pl_rubro` (`id_modulo`),
  KEY `FK_pl_rubro2` (`id_rubro_name`),
  CONSTRAINT `FK_pl_rubro` FOREIGN KEY (`id_modulo`) REFERENCES `pl_modulos` (`id_modulo`),
  CONSTRAINT `FK_pl_rubro2` FOREIGN KEY (`id_rubro_name`) REFERENCES `mante_rubros` (`id_rubro`)
) ENGINE=InnoDB AUTO_INCREMENT=2 DEFAULT CHARSET=latin1;

/*Data for the table `pl_rubro` */

insert  into `pl_rubro`(`id_rubro`,`id_rubro_name`,`id_modulo`,`f_creacion`,`id_usuario`,`activo`) values (1,2,10,'2014-02-12 21:44:26',1,1);

/*Table structure for table `pl_subrubro` */

DROP TABLE IF EXISTS `pl_subrubro`;

CREATE TABLE `pl_subrubro` (
  `id_subrubro` int(11) NOT NULL auto_increment,
  `id_rubro` int(11) default NULL,
  `nombre` varchar(200) default NULL,
  `unidades` int(11) default '0',
  `costo` decimal(12,2) default '0.00',
  `f_creacion` datetime default NULL,
  `id_usuario` int(11) default NULL,
  `activo` int(11) default '1',
  PRIMARY KEY  (`id_subrubro`),
  KEY `FK_pl_subrubro` (`id_rubro`),
  CONSTRAINT `FK_pl_subrubro` FOREIGN KEY (`id_rubro`) REFERENCES `pl_rubro` (`id_rubro`)
) ENGINE=InnoDB AUTO_INCREMENT=2 DEFAULT CHARSET=latin1;

/*Data for the table `pl_subrubro` */

insert  into `pl_subrubro`(`id_subrubro`,`id_rubro`,`nombre`,`unidades`,`costo`,`f_creacion`,`id_usuario`,`activo`) values (1,1,'Almuerzo',10,'2.00','2014-02-12 21:44:43',1,1);

/*Table structure for table `sitio_slider` */

DROP TABLE IF EXISTS `sitio_slider`;

CREATE TABLE `sitio_slider` (
  `id_slider` int(11) NOT NULL auto_increment,
  `nombre_imagen` varchar(200) default NULL,
  `texto_aparecer` varchar(200) default NULL,
  `nombre_archivo` varchar(200) default NULL,
  PRIMARY KEY  (`id_slider`)
) ENGINE=InnoDB AUTO_INCREMENT=5 DEFAULT CHARSET=latin1;

/*Data for the table `sitio_slider` */

insert  into `sitio_slider`(`id_slider`,`nombre_imagen`,`texto_aparecer`,`nombre_archivo`) values (1,'Imagen 1','Capacitación - Asesoría - Consultoría','i2.fw.png'),(2,'Imagen 2','Capacitación - Asesoría - Consultoría','i3.fw.png'),(3,'Imagen 3','Capacitación - Asesoría - Consultoría','i4.fw.png'),(4,'Imagen 4','Capacitación - Asesoría - Consultoría','i5.fw.png');

/*Table structure for table `usu_coop_suc` */

DROP TABLE IF EXISTS `usu_coop_suc`;

CREATE TABLE `usu_coop_suc` (
  `id_usu_coop` int(11) NOT NULL auto_increment,
  `id_usuario` int(11) default NULL,
  `id_cooperativa` int(11) default NULL,
  `id_sucursal` int(11) default NULL,
  PRIMARY KEY  (`id_usu_coop`)
) ENGINE=InnoDB AUTO_INCREMENT=12 DEFAULT CHARSET=latin1;

/*Data for the table `usu_coop_suc` */

insert  into `usu_coop_suc`(`id_usu_coop`,`id_usuario`,`id_cooperativa`,`id_sucursal`) values (9,4,6,0),(10,6,9,0),(11,7,9,0);

/*Table structure for table `usu_permisos_menu` */

DROP TABLE IF EXISTS `usu_permisos_menu`;

CREATE TABLE `usu_permisos_menu` (
  `id_permiso` int(11) NOT NULL auto_increment,
  `id_subrol` int(11) default NULL,
  `id_menu` int(11) default NULL,
  PRIMARY KEY  (`id_permiso`),
  KEY `FK_usu_permisos_menu` (`id_menu`),
  KEY `FK_usu_permisos_menu2` (`id_subrol`),
  CONSTRAINT `FK_usu_permisos_menu` FOREIGN KEY (`id_menu`) REFERENCES `conf_menu` (`id_menu`),
  CONSTRAINT `FK_usu_permisos_menu2` FOREIGN KEY (`id_subrol`) REFERENCES `usu_subrol` (`id_subrol`)
) ENGINE=InnoDB AUTO_INCREMENT=820 DEFAULT CHARSET=latin1;

/*Data for the table `usu_permisos_menu` */

insert  into `usu_permisos_menu`(`id_permiso`,`id_subrol`,`id_menu`) values (232,3,40),(233,3,41),(234,3,45),(539,4,54),(540,4,55),(541,4,56),(542,2,40),(543,2,41),(544,2,45),(545,2,57),(773,1,1),(774,1,2),(775,1,3),(776,1,5),(777,1,46),(778,1,47),(779,1,50),(780,1,61),(781,1,62),(782,1,6),(783,1,7),(784,1,8),(785,1,9),(786,1,10),(787,1,11),(788,1,12),(789,1,13),(790,1,14),(791,1,15),(792,1,16),(793,1,19),(794,1,27),(795,1,28),(796,1,17),(797,1,21),(798,1,38),(799,1,31),(800,1,33),(801,1,34),(802,1,43),(803,1,44),(804,1,48),(805,1,49),(806,1,51),(807,1,52),(808,1,40),(809,1,41),(810,1,45),(811,1,53),(812,1,20),(813,1,29),(814,1,54),(815,1,55),(816,1,56),(817,1,58),(818,1,59),(819,1,60);

/*Table structure for table `usu_rol` */

DROP TABLE IF EXISTS `usu_rol`;

CREATE TABLE `usu_rol` (
  `id_rol` int(11) NOT NULL auto_increment,
  `id_tipo_usuario` int(11) default '0',
  `rol` varchar(25) default NULL,
  `estado` tinyint(1) default NULL,
  PRIMARY KEY  (`id_rol`),
  KEY `FK_usu_rol` (`id_tipo_usuario`),
  CONSTRAINT `FK_usu_rol` FOREIGN KEY (`id_tipo_usuario`) REFERENCES `usu_tipo_usuario` (`id_tipo_usuario`)
) ENGINE=InnoDB AUTO_INCREMENT=7 DEFAULT CHARSET=latin1;

/*Data for the table `usu_rol` */

insert  into `usu_rol`(`id_rol`,`id_tipo_usuario`,`rol`,`estado`) values (1,1,'Administrador del Sistema',1),(2,2,'Cliente',1),(3,1,'Consultor y/o Asesor',1),(4,1,'Administrador Curricula',1),(5,1,'Administrador del Plan',1),(6,1,'Usuarios Facilitadores',1);

/*Table structure for table `usu_subrol` */

DROP TABLE IF EXISTS `usu_subrol`;

CREATE TABLE `usu_subrol` (
  `id_subrol` int(11) NOT NULL auto_increment,
  `id_rol` int(11) default NULL,
  `subrol` varchar(25) default NULL,
  `estado` tinyint(1) default NULL,
  PRIMARY KEY  (`id_subrol`),
  KEY `FK_usu_subrol` (`id_rol`),
  CONSTRAINT `FK_usu_subrol` FOREIGN KEY (`id_rol`) REFERENCES `usu_rol` (`id_rol`)
) ENGINE=InnoDB AUTO_INCREMENT=5 DEFAULT CHARSET=latin1;

/*Data for the table `usu_subrol` */

insert  into `usu_subrol`(`id_subrol`,`id_rol`,`subrol`,`estado`) values (1,1,'Administrador',1),(2,2,'Cooperativa',1),(3,2,'Sucursal',1),(4,6,'Facilitador',1);

/*Table structure for table `usu_tipo_usuario` */

DROP TABLE IF EXISTS `usu_tipo_usuario`;

CREATE TABLE `usu_tipo_usuario` (
  `id_tipo_usuario` int(11) NOT NULL auto_increment,
  `nombre_tipo_usuario` varchar(200) default NULL,
  PRIMARY KEY  (`id_tipo_usuario`)
) ENGINE=InnoDB AUTO_INCREMENT=3 DEFAULT CHARSET=latin1;

/*Data for the table `usu_tipo_usuario` */

insert  into `usu_tipo_usuario`(`id_tipo_usuario`,`nombre_tipo_usuario`) values (1,'Usuario Interno'),(2,'Usuario Externo');

/*Table structure for table `usu_usuario` */

DROP TABLE IF EXISTS `usu_usuario`;

CREATE TABLE `usu_usuario` (
  `id_usuario` int(11) NOT NULL auto_increment,
  `usuario` varchar(50) default NULL,
  `clave` varchar(50) default NULL,
  `nombre_completo` varchar(200) default NULL,
  `telefono` varchar(20) default NULL,
  `celular` varchar(20) default NULL,
  `direccion` text,
  `correo` varchar(50) default NULL,
  `ultimo_acceso` datetime default NULL,
  `estado` int(11) default NULL,
  `id_subrol` int(11) default NULL,
  `activo` int(11) default '1',
  `exigir` int(11) default '0',
  PRIMARY KEY  (`id_usuario`),
  KEY `FK_usu_usuario` (`id_subrol`),
  CONSTRAINT `FK_usu_usuario` FOREIGN KEY (`id_subrol`) REFERENCES `usu_subrol` (`id_subrol`)
) ENGINE=InnoDB AUTO_INCREMENT=10 DEFAULT CHARSET=latin1;

/*Data for the table `usu_usuario` */

insert  into `usu_usuario`(`id_usuario`,`usuario`,`clave`,`nombre_completo`,`telefono`,`celular`,`direccion`,`correo`,`ultimo_acceso`,`estado`,`id_subrol`,`activo`,`exigir`) values (1,'admin','202cb962ac59075b964b07152d234b70','Administrador 1','12345','12345','dkfjkdsjfk','','2014-02-26 19:02:46',1,1,1,0),(2,'rolan','202cb962ac59075b964b07152d234b70','Rolando Medrano1','111111','11111','9re98r9488dvkfckf',NULL,NULL,1,1,1,0),(3,'sdoradea','1234','Sergio','434','34324',NULL,NULL,NULL,0,1,1,0),(4,'sergio','e10adc3949ba59abbe56e057f20f883e','Sergio','22222222','',NULL,'','2013-07-23 11:42:19',1,2,1,0),(5,'eeee','202cb962ac59075b964b07152d234b70','Jorge Rodriguez','22222','22222222',NULL,NULL,NULL,1,1,1,0),(6,'usuario1','e10adc3949ba59abbe56e057f20f883e','Carlos Rivera','23659848','75698459',NULL,'','2013-11-06 17:42:32',1,2,1,0),(7,'jarh','e10adc3949ba59abbe56e057f20f883e','Jorge Rodriguez','123456','123456',NULL,'jarh@jarh.com','2014-02-25 22:10:28',1,2,1,0),(8,'jarh100','e10adc3949ba59abbe56e057f20f883e','Jorge Rodriguez Arevalo','23658965','78965896',NULL,'jarh@jarh.com','2014-02-16 20:14:28',1,1,1,0),(9,'fjarh','e10adc3949ba59abbe56e057f20f883e','Lic. Jorge Rodriguez','2365-9856','7845-9658',NULL,'jarh@jarh.com','2014-02-13 23:32:02',1,4,1,0);

/* Procedure structure for procedure `borrar_datos` */

/*!50003 DROP PROCEDURE IF EXISTS  `borrar_datos` */;

DELIMITER $$

/*!50003 CREATE DEFINER=`root`@`127.0.0.1` PROCEDURE `borrar_datos`()
BEGIN
	DELETE FROM abonos_cooperativas;
	DELETE FROM inscripcion_asistencia;
	DELETE FROM inscripcion_temas_personas;
	DELETE FROM inscripcion_temas;
	DELETE FROM mante_modalidades_docs;
	DELETE FROM pl_subrubro;
	DELETE FROM pl_rubro;
	DELETE FROM pl_modulo_facilitador;
	DELETE FROM pl_modulos_calificacion;
	DELETE FROM pl_modulos_eval;
	DELETE FROM pl_modulos_notas;
	DELETE FROM pl_modulos;
	DELETE FROM pl_capacitaciones;
	DELETE FROM pl_modalidades;
	
	DELETE FROM pl_opiniones;
	DELETE FROM pl_planes;
    END */$$
DELIMITER ;

/*!40101 SET SQL_MODE=@OLD_SQL_MODE */;
/*!40014 SET FOREIGN_KEY_CHECKS=@OLD_FOREIGN_KEY_CHECKS */;
/*!40014 SET UNIQUE_CHECKS=@OLD_UNIQUE_CHECKS */;
/*!40111 SET SQL_NOTES=@OLD_SQL_NOTES */;
